{
  "project_info": {
    "project_number": "812335670490",
    "firebase_url": "https://fir-authdemoapp-3581a-default-rtdb.firebaseio.com",
    "project_id": "fir-authdemoapp-3581a",
    "storage_bucket": "fir-authdemoapp-3581a.firebasestorage.app"
  },
  "client": [
    {
      "client_info": {
        "mobilesdk_app_id": "1:812335670490:android:ab77ed343c6a70dd74f1e3",
        "android_client_info": {
          "package_name": "np.com.bimalkafle.firebaseauthdemoapp"
        }
      },
      "oauth_client": [
        {
          "client_id": "812335670490-aj0ar3ethmndsig8n9qpsf1tc5onp61b.apps.googleusercontent.com",
          "client_type": 1,
          "android_info": {
            "package_name": "np.com.bimalkafle.firebaseauthdemoapp",
            "certificate_hash": "04da5a41c73028a5a28cb01f479e6dc9568f1fbc"
          }
        },
        {
          "client_id": "812335670490-tmc17nm01jha8qmnb5ckl1o7nvnk9ngp.apps.googleusercontent.com",
          "client_type": 3
        }
      ],
      "api_key": [
        {
          "current_key": "AIzaSyBxXifIAQUP8Z4BZ90MprA_aw4zPRkRylU"
        }
      ],
      "services": {
        "appinvite_service": {
          "other_platform_oauth_client": [
            {
              "client_id": "812335670490-tmc17nm01jha8qmnb5ckl1o7nvnk9ngp.apps.googleusercontent.com",
              "client_type": 3
            }
          ]
        }
      }
    }
  ],
  "configuration_version": "1"
}